Date,equity
2015-01-02,100000.0
2015-01-05,100000.0
2015-01-06,100000.0
2015-01-07,100000.0
2015-01-08,100000.0
2015-01-09,100000.0
2015-01-12,100000.0
2015-01-13,100000.0
2015-01-14,100000.0
2015-01-15,100000.0
2015-01-16,100000.0
2015-01-20,100000.0
2015-01-21,100000.0
2015-01-22,100000.0
2015-01-23,100000.0
2015-01-26,100000.0
2015-01-27,100000.0
2015-01-28,100000.0
2015-01-29,100000.0
2015-01-30,100000.0
2015-02-02,100000.0
2015-02-03,100000.0
2015-02-04,100000.0
2015-02-05,100000.0
2015-02-06,100000.0
2015-02-09,100000.0
2015-02-10,100000.0
2015-02-11,100000.0
2015-02-12,100000.0
2015-02-13,100000.0
2015-02-17,100000.0
2015-02-18,100000.0
2015-02-19,100000.0
2015-02-20,100000.0
2015-02-23,100000.0
2015-02-24,100000.0
2015-02-25,100000.0
2015-02-26,100000.0
2015-02-27,100000.0
2015-03-02,100000.0
2015-03-03,100000.0
2015-03-04,100000.0
2015-03-05,100000.0
2015-03-06,100000.0
2015-03-09,100000.0
2015-03-10,100000.0
2015-03-11,100000.0
2015-03-12,100000.0
2015-03-13,100000.0
2015-03-16,100000.0
2015-03-17,100000.0
2015-03-18,100000.0
2015-03-19,100000.0
2015-03-20,100000.0
2015-03-23,100000.0
2015-03-24,100000.0
2015-03-25,100000.0
2015-03-26,100000.0
2015-03-27,100000.0
2015-03-30,100000.0
2015-03-31,100000.0
2015-04-01,100000.0
2015-04-02,100000.0
2015-04-06,100000.0
2015-04-07,100000.0
2015-04-08,100000.0
2015-04-09,100000.0
2015-04-10,100000.0
2015-04-13,100000.0
2015-04-14,100000.0
2015-04-15,100000.0
2015-04-16,100000.0
2015-04-17,100000.0
2015-04-20,100000.0
2015-04-21,100000.0
2015-04-22,100000.0
2015-04-23,100000.0
2015-04-24,100000.0
2015-04-27,100000.0
2015-04-28,100000.0
2015-04-29,100000.0
2015-04-30,100000.0
2015-05-01,100000.0
2015-05-04,100000.0
2015-05-05,100000.0
2015-05-06,100000.0
2015-05-07,100000.0
2015-05-08,100000.0
2015-05-11,100000.0
2015-05-12,100000.0
2015-05-13,100000.0
2015-05-14,100000.0
2015-05-15,100000.0
2015-05-18,100000.0
2015-05-19,100000.0
2015-05-20,100000.0
2015-05-21,100000.0
2015-05-22,100000.0
2015-05-26,100000.0
2015-05-27,100000.0
2015-05-28,100000.0
2015-05-29,100000.0
2015-06-01,100000.0
2015-06-02,100000.0
2015-06-03,100000.0
2015-06-04,100000.0
2015-06-05,100000.0
2015-06-08,100000.0
2015-06-09,100000.0
2015-06-10,100000.0
2015-06-11,100000.0
2015-06-12,100000.0
2015-06-15,100000.0
2015-06-16,100000.0
2015-06-17,100000.0
2015-06-18,100000.0
2015-06-19,100000.0
2015-06-22,100000.0
2015-06-23,100000.0
2015-06-24,100000.0
2015-06-25,100000.0
2015-06-26,100000.0
2015-06-29,100000.0
2015-06-30,100000.0
2015-07-01,100000.0
2015-07-02,100000.0
2015-07-06,100000.0
2015-07-07,100000.0
2015-07-08,100000.0
2015-07-09,100000.0
2015-07-10,100000.0
2015-07-13,100000.0
2015-07-14,100000.0
2015-07-15,100000.0
2015-07-16,100000.0
2015-07-17,100000.0
2015-07-20,100000.0
2015-07-21,100000.0
2015-07-22,100000.0
2015-07-23,100000.0
2015-07-24,100000.0
2015-07-27,100000.0
2015-07-28,100000.0
2015-07-29,100000.0
2015-07-30,100000.0
2015-07-31,100000.0
2015-08-03,100000.0
2015-08-04,100000.0
2015-08-05,100000.0
2015-08-06,100000.0
2015-08-07,100000.0
2015-08-10,100000.0
2015-08-11,100000.0
2015-08-12,100000.0
2015-08-13,100000.0
2015-08-14,100000.0
2015-08-17,100000.0
2015-08-18,100000.0
2015-08-19,100000.0
2015-08-20,100000.0
2015-08-21,100000.0
2015-08-24,100000.0
2015-08-25,100000.0
2015-08-26,100000.0
2015-08-27,100000.0
2015-08-28,100000.0
2015-08-31,100000.0
2015-09-01,100000.0
2015-09-02,100000.0
2015-09-03,100000.0
2015-09-04,100000.0
2015-09-08,100000.0
2015-09-09,100000.0
2015-09-10,100000.0
2015-09-11,100000.0
2015-09-14,100000.0
2015-09-15,100000.0
2015-09-16,100000.0
2015-09-17,100000.0
2015-09-18,100000.0
2015-09-21,100000.0
2015-09-22,100000.0
2015-09-23,100000.0
2015-09-24,100000.0
2015-09-25,100000.0
2015-09-28,100000.0
2015-09-29,100000.0
2015-09-30,100000.0
2015-10-01,100000.0
2015-10-02,100000.0
2015-10-05,100000.0
2015-10-06,100000.0
2015-10-07,100000.0
2015-10-08,100000.0
2015-10-09,100000.0
2015-10-12,100000.0
2015-10-13,100000.0
2015-10-14,100000.0
2015-10-15,100000.0
2015-10-16,100000.0
2015-10-19,100000.0
2015-10-20,100000.0
2015-10-21,100000.0
2015-10-22,100000.0
2015-10-23,100000.0
2015-10-26,100000.0
2015-10-27,100000.0
2015-10-28,100000.0
2015-10-29,100000.0
2015-10-30,100000.0
2015-11-02,100000.0
2015-11-03,100000.0
2015-11-04,100000.0
2015-11-05,100000.0
2015-11-06,100000.0
2015-11-09,100000.0
2015-11-10,100000.0
2015-11-11,100000.0
2015-11-12,100000.0
2015-11-13,100000.0
2015-11-16,100000.0
2015-11-17,100000.0
2015-11-18,100000.0
2015-11-19,100000.0
2015-11-20,100000.0
2015-11-23,100000.0
2015-11-24,100000.0
2015-11-25,100000.0
2015-11-27,100000.0
2015-11-30,100000.0
2015-12-01,100000.0
2015-12-02,100000.0
2015-12-03,100000.0
2015-12-04,100000.0
2015-12-07,100000.0
2015-12-08,100000.0
2015-12-09,100000.0
2015-12-10,100000.0
2015-12-11,100000.0
2015-12-14,100000.0
2015-12-15,100000.0
2015-12-16,100000.0
2015-12-17,100000.0
2015-12-18,100000.0
2015-12-21,100000.0
2015-12-22,100000.0
2015-12-23,100000.0
2015-12-24,100000.0
2015-12-28,100000.0
2015-12-29,100000.0
2015-12-30,100000.0
2015-12-31,100000.0
2016-01-04,100000.0
2016-01-05,100000.0
2016-01-06,100000.0
2016-01-07,100000.0
2016-01-08,100000.0
2016-01-11,100000.0
2016-01-12,100000.0
2016-01-13,100000.0
2016-01-14,100000.0
2016-01-15,100000.0
2016-01-19,100000.0
2016-01-20,100000.0
2016-01-21,100000.0
2016-01-22,100000.0
2016-01-25,100000.0
2016-01-26,100000.0
2016-01-27,100000.0
2016-01-28,100000.0
2016-01-29,100000.0
2016-02-01,100000.0
2016-02-02,100000.0
2016-02-03,100000.0
2016-02-04,100000.0
2016-02-05,100000.0
2016-02-08,100000.0
2016-02-09,100000.0
2016-02-10,100000.0
2016-02-11,100000.0
2016-02-12,100000.0
2016-02-16,100000.0
2016-02-17,100000.0
2016-02-18,100000.0
2016-02-19,100000.0
2016-02-22,100000.0
2016-02-23,100000.0
2016-02-24,100000.0
2016-02-25,100000.0
2016-02-26,100000.0
2016-02-29,100000.0
2016-03-01,100000.0
2016-03-02,100000.0
2016-03-03,100000.0
2016-03-04,100000.0
2016-03-07,100000.0
2016-03-08,100000.0
2016-03-09,100000.0
2016-03-10,100000.0
2016-03-11,100000.0
2016-03-14,100000.0
2016-03-15,100000.0
2016-03-16,100000.0
2016-03-17,100000.0
2016-03-18,100000.0
2016-03-21,100000.0
2016-03-22,100000.0
2016-03-23,100000.0
2016-03-24,100000.0
2016-03-28,100000.0
2016-03-29,100000.0
2016-03-30,100000.0
2016-03-31,100000.0
2016-04-01,100000.0
2016-04-04,100000.0
2016-04-05,100000.0
2016-04-06,100000.0
2016-04-07,100000.0
2016-04-08,100000.0
2016-04-11,100000.0
2016-04-12,100000.0
2016-04-13,100000.0
2016-04-14,100000.0
2016-04-15,100000.0
2016-04-18,100000.0
2016-04-19,100000.0
2016-04-20,100000.0
2016-04-21,100000.0
2016-04-22,100000.0
2016-04-25,100000.0
2016-04-26,100000.0
2016-04-27,100000.0
2016-04-28,100000.0
2016-04-29,100000.0
2016-05-02,100000.0
2016-05-03,100000.0
2016-05-04,100000.0
2016-05-05,100000.0
2016-05-06,100000.0
2016-05-09,100000.0
2016-05-10,100000.0
2016-05-11,100000.0
2016-05-12,100000.0
2016-05-13,100000.0
2016-05-16,100000.0
2016-05-17,100000.0
2016-05-18,100000.0
2016-05-19,100000.0
2016-05-20,100000.0
2016-05-23,100000.0
2016-05-24,100000.0
2016-05-25,100000.0
2016-05-26,100000.0
2016-05-27,100000.0
2016-05-31,100000.0
2016-06-01,100000.0
2016-06-02,100000.0
2016-06-03,100000.0
2016-06-06,100000.0
2016-06-07,100000.0
2016-06-08,100000.0
2016-06-09,100000.0
2016-06-10,100000.0
2016-06-13,100000.0
2016-06-14,100000.0
2016-06-15,100000.0
2016-06-16,100000.0
2016-06-17,100000.0
2016-06-20,100000.0
2016-06-21,100223.45652924
2016-06-22,99937.85652924
2016-06-23,100366.25652924
2016-06-24,99197.53337224
2016-06-27,99197.53337224
2016-06-28,99197.53337224
2016-06-29,99197.53337224
2016-06-30,99197.53337224
2016-07-01,99197.53337224
2016-07-05,85711.68465183994
2016-07-06,85711.68465183994
2016-07-07,85711.68465183994
2016-07-08,85711.68465183994
2016-07-11,85711.68465183994
2016-07-12,85711.68465183994
2016-07-13,85711.68465183994
2016-07-14,85711.68465183994
2016-07-15,85711.68465183994
2016-07-18,85711.68465183994
2016-07-19,85711.68465183994
2016-07-20,85711.68465183994
2016-07-21,85711.68465183994
2016-07-22,85711.68465183994
2016-07-25,85711.68465183994
2016-07-26,85711.68465183994
2016-07-27,85711.68465183994
2016-07-28,85711.68465183994
2016-07-29,85711.68465183994
2016-08-01,85711.68465183994
2016-08-02,85711.68465183994
2016-08-03,85711.68465183994
2016-08-04,85711.68465183994
2016-08-05,85711.68465183994
2016-08-08,85711.68465183994
2016-08-09,85711.68465183994
2016-08-10,85711.68465183994
2016-08-11,85711.68465183994
2016-08-12,85711.68465183994
2016-08-15,85711.68465183994
2016-08-16,85711.68465183994
2016-08-17,85711.68465183994
2016-08-18,85711.68465183994
2016-08-19,85711.68465183994
2016-08-22,85711.68465183994
2016-08-23,85711.68465183994
2016-08-24,85711.68465183994
2016-08-25,85711.68465183994
2016-08-26,85711.68465183994
2016-08-29,85711.68465183994
2016-08-30,85711.68465183994
2016-08-31,85711.68465183994
2016-09-01,85711.68465183994
2016-09-02,85711.68465183994
2016-09-06,85711.68465183994
2016-09-07,85711.68465183994
2016-09-08,85711.68465183994
2016-09-09,85711.68465183994
2016-09-12,85711.68465183994
2016-09-13,85265.84588895997
2016-09-14,85265.84588895997
2016-09-15,85265.84588895997
2016-09-16,85265.84588895997
2016-09-19,85265.84588895997
2016-09-20,85265.84588895997
2016-09-21,85265.84588895997
2016-09-22,85265.84588895997
2016-09-23,85265.84588895997
2016-09-26,85265.84588895997
2016-09-27,85265.84588895997
2016-09-28,85265.84588895997
2016-09-29,85265.84588895997
2016-09-30,85265.84588895997
2016-10-03,85265.84588895997
2016-10-04,85265.84588895997
2016-10-05,85265.84588895997
2016-10-06,85265.84588895997
2016-10-07,85265.84588895997
2016-10-10,85265.84588895997
2016-10-11,85265.84588895997
2016-10-12,85265.84588895997
2016-10-13,85265.84588895997
2016-10-14,85265.84588895997
2016-10-17,85265.84588895997
2016-10-18,85265.84588895997
2016-10-19,85265.84588895997
2016-10-20,85265.84588895997
2016-10-21,85265.84588895997
2016-10-24,85265.84588895997
2016-10-25,85265.84588895997
2016-10-26,85265.84588895997
2016-10-27,85265.84588895997
2016-10-28,85265.84588895997
2016-10-31,85265.84588895997
2016-11-01,85265.84588895997
2016-11-02,85265.84588895997
2016-11-03,85265.84588895997
2016-11-04,85265.84588895997
2016-11-07,85265.84588895997
2016-11-08,85265.84588895997
2016-11-09,85265.84588895997
2016-11-10,85265.84588895997
2016-11-11,85265.84588895997
2016-11-14,85265.84588895997
2016-11-15,85265.84588895997
2016-11-16,85265.84588895997
2016-11-17,85265.84588895997
2016-11-18,85265.84588895997
2016-11-21,85265.84588895997
2016-11-22,85265.84588895997
2016-11-23,85265.84588895997
2016-11-25,85265.84588895997
2016-11-28,85265.84588895997
2016-11-29,85265.84588895997
2016-11-30,85265.84588895997
2016-12-01,85265.84588895997
2016-12-02,85265.84588895997
2016-12-05,85265.84588895997
2016-12-06,85265.84588895997
2016-12-07,85265.84588895997
2016-12-08,85265.84588895997
2016-12-09,85265.84588895997
2016-12-12,85265.84588895997
2016-12-13,85265.84588895997
2016-12-14,85265.84588895997
2016-12-15,85265.84588895997
2016-12-16,85265.84588895997
2016-12-19,85265.84588895997
2016-12-20,85265.84588895997
2016-12-21,85265.84588895997
2016-12-22,85265.84588895997
2016-12-23,85265.84588895997
2016-12-27,85265.84588895997
2016-12-28,85265.84588895997
2016-12-29,85265.84588895997
2016-12-30,85265.84588895997
2017-01-03,85265.84588895997
2017-01-04,85265.84588895997
2017-01-05,85265.84588895997
2017-01-06,85265.84588895997
2017-01-09,85265.84588895997
2017-01-10,85265.84588895997
2017-01-11,85265.84588895997
2017-01-12,85265.84588895997
2017-01-13,85174.81417475997
2017-01-17,85206.65417475998
2017-01-18,84776.81417475997
2017-01-19,84792.73417475997
2017-01-20,85142.97417475998
2017-01-23,85322.25388715998
2017-01-24,85557.85388715997
2017-01-25,85275.13388715999
2017-01-26,86311.77388715997
2017-01-27,85654.19168476
2017-01-30,84772.91168475998
2017-01-31,85066.67168475999
2017-02-01,86241.71168475998
2017-02-02,86462.03168475999
2017-02-03,86682.35168475998
2017-02-06,85507.31168475999
2017-02-07,84111.95168475999
2017-02-08,83942.63159055682
2017-02-09,84508.07159055682
2017-02-10,85214.87159055682
2017-02-13,84241.17398823683
2017-02-14,84636.21398823682
2017-02-15,84504.53398823681
2017-02-16,84833.73398823683
2017-02-17,84702.05398823682
2017-02-21,85689.65398823681
2017-02-22,84504.53398823681
2017-02-23,85623.81398823681
2017-02-24,85162.93398823682
2017-02-27,85228.77398823682
2017-02-28,85097.09398823681
2017-03-01,84767.89398823683
2017-03-02,83253.57398823682
2017-03-03,84043.65398823681
2017-03-06,83977.81398823681
2017-03-07,83911.97398823682
2017-03-08,82674.32271823681
2017-03-09,82674.32271823681
2017-03-10,82674.32271823681
2017-03-13,82674.32271823681
2017-03-14,82674.32271823681
2017-03-15,82674.32271823681
2017-03-16,82674.32271823681
2017-03-17,82674.32271823681
2017-03-20,82674.32271823681
2017-03-21,82674.32271823681
2017-03-22,82674.32271823681
2017-03-23,82674.32271823681
2017-03-24,82674.32271823681
2017-03-27,82674.32271823681
2017-03-28,82674.32271823681
2017-03-29,82674.32271823681
2017-03-30,82674.32271823681
2017-03-31,82674.32271823681
2017-04-03,82674.32271823681
2017-04-04,82674.32271823681
2017-04-05,82674.32271823681
2017-04-06,82674.32271823681
2017-04-07,82674.32271823681
2017-04-10,82674.32271823681
2017-04-11,82674.32271823681
2017-04-12,82674.32271823681
2017-04-13,82674.32271823681
2017-04-17,82674.32271823681
2017-04-18,82674.32271823681
2017-04-19,82674.32271823681
2017-04-20,82674.32271823681
2017-04-21,82674.32271823681
2017-04-24,82674.32271823681
2017-04-25,82674.32271823681
2017-04-26,82674.32271823681
2017-04-27,82674.32271823681
2017-04-28,82674.32271823681
2017-05-01,82674.32271823681
2017-05-02,82674.32271823681
2017-05-03,82674.32271823681
2017-05-04,82674.32271823681
2017-05-05,82674.32271823681
2017-05-08,82674.32271823681
2017-05-09,82674.32271823681
2017-05-10,82674.32271823681
2017-05-11,82674.32271823681
2017-05-12,82674.32271823681
2017-05-15,82674.32271823681
2017-05-16,82674.32271823681
2017-05-17,82674.32271823681
2017-05-18,82674.32271823681
2017-05-19,82674.32271823681
2017-05-22,82674.32271823681
2017-05-23,82674.32271823681
2017-05-24,82674.32271823681
2017-05-25,82674.32271823681
2017-05-26,82674.32271823681
2017-05-30,82674.32271823681
2017-05-31,82674.32271823681
2017-06-01,82674.32271823681
2017-06-02,82674.32271823681
2017-06-05,82674.32271823681
2017-06-06,82674.32271823681
2017-06-07,82674.32271823681
2017-06-08,82674.32271823681
2017-06-09,82674.32271823681
2017-06-12,82674.32271823681
2017-06-13,82674.32271823681
2017-06-14,82674.32271823681
2017-06-15,82674.32271823681
2017-06-16,82674.32271823681
2017-06-19,82674.32271823681
2017-06-20,82674.32271823681
2017-06-21,82674.32271823681
2017-06-22,82674.32271823681
2017-06-23,82674.32271823681
2017-06-26,82674.32271823681
2017-06-27,82674.32271823681
2017-06-28,82674.32271823681
2017-06-29,82674.32271823681
2017-06-30,82674.32271823681
2017-07-03,82674.32271823681
2017-07-05,82674.32271823681
2017-07-06,82674.32271823681
2017-07-07,82674.32271823681
2017-07-10,82674.32271823681
2017-07-11,82674.32271823681
2017-07-12,82674.32271823681
2017-07-13,82674.32271823681
2017-07-14,82674.32271823681
2017-07-17,82674.32271823681
2017-07-18,82674.32271823681
2017-07-19,82674.32271823681
2017-07-20,82674.32271823681
2017-07-21,82674.32271823681
2017-07-24,82674.32271823681
2017-07-25,82674.32271823681
2017-07-26,82674.32271823681
2017-07-27,82674.32271823681
2017-07-28,82674.32271823681
2017-07-31,82674.32271823681
2017-08-01,82674.32271823681
2017-08-02,82674.32271823681
2017-08-03,82674.32271823681
2017-08-04,82674.32271823681
2017-08-07,82674.32271823681
2017-08-08,82674.32271823681
2017-08-09,82674.32271823681
2017-08-10,82674.32271823681
2017-08-11,82674.32271823681
2017-08-14,82674.32271823681
2017-08-15,82674.32271823681
2017-08-16,82674.32271823681
2017-08-17,82674.32271823681
2017-08-18,82674.32271823681
2017-08-21,82674.32271823681
2017-08-22,82674.32271823681
2017-08-23,82674.32271823681
2017-08-24,82674.32271823681
2017-08-25,82674.32271823681
2017-08-28,82674.32271823681
2017-08-29,82674.32271823681
2017-08-30,82674.32271823681
2017-08-31,82674.32271823681
2017-09-01,82674.32271823681
2017-09-05,82674.32271823681
2017-09-06,82674.32271823681
2017-09-07,82674.32271823681
2017-09-08,82674.32271823681
2017-09-11,82674.32271823681
2017-09-12,82674.32271823681
2017-09-13,82674.32271823681
2017-09-14,82674.32271823681
2017-09-15,82674.32271823681
2017-09-18,82674.32271823681
2017-09-19,82674.32271823681
2017-09-20,82674.32271823681
2017-09-21,82674.32271823681
2017-09-22,82674.32271823681
2017-09-25,82674.32271823681
2017-09-26,82674.32271823681
2017-09-27,82674.32271823681
2017-09-28,82674.32271823681
2017-09-29,82674.32271823681
2017-10-02,82674.32271823681
2017-10-03,82674.32271823681
2017-10-04,82674.32271823681
2017-10-05,82674.32271823681
2017-10-06,82674.32271823681
2017-10-09,82674.32271823681
2017-10-10,82674.32271823681
2017-10-11,82674.32271823681
2017-10-12,82674.32271823681
2017-10-13,82674.32271823681
2017-10-16,82674.32271823681
2017-10-17,82674.32271823681
2017-10-18,82674.32271823681
2017-10-19,82674.32271823681
2017-10-20,82674.32271823681
2017-10-23,82674.32271823681
2017-10-24,82674.32271823681
2017-10-25,82674.32271823681
2017-10-26,82674.32271823681
2017-10-27,82674.32271823681
2017-10-30,82674.32271823681
2017-10-31,82674.32271823681
2017-11-01,82674.32271823681
2017-11-02,82674.32271823681
2017-11-03,82674.32271823681
2017-11-06,82674.32271823681
2017-11-07,82674.32271823681
2017-11-08,82674.32271823681
2017-11-09,82674.32271823681
2017-11-10,82674.32271823681
2017-11-13,82674.32271823681
2017-11-14,82674.32271823681
2017-11-15,82674.32271823681
2017-11-16,82674.32271823681
2017-11-17,82674.32271823681
2017-11-20,82674.32271823681
2017-11-21,82674.32271823681
2017-11-22,82674.32271823681
2017-11-24,82674.32271823681
2017-11-27,82674.32271823681
2017-11-28,82674.32271823681
2017-11-29,82674.32271823681
2017-11-30,82674.32271823681
2017-12-01,82674.32271823681
2017-12-04,82674.32271823681
2017-12-05,82674.32271823681
2017-12-06,82674.32271823681
2017-12-07,82674.32271823681
2017-12-08,82674.32271823681
2017-12-11,82748.76401535682
2017-12-12,82469.72401535681
2017-12-13,82277.88401535682
2017-12-14,82452.28401535682
2017-12-15,82424.49561151682
2017-12-18,82330.73561151681
2017-12-19,82658.89561151681
2017-12-20,83127.69561151681
2017-12-21,83268.33561151681
2017-12-22,83362.09561151682
2017-12-26,84721.61561151681
2017-12-27,84580.97561151681
2017-12-28,84815.37561151682
2017-12-29,85002.89561151681
2018-01-02,85284.17561151682
2018-01-03,86549.93561151682
2018-01-04,86690.57561151682
2018-01-05,86409.29561151682
2018-01-08,86737.45561151682
2018-01-09,87628.17561151682
2018-01-10,88143.85561151682
2018-01-11,88237.61561151681
2018-01-12,89034.57561151682
2018-01-16,88518.89561151681
2018-01-17,88612.65561151682
2018-01-18,88518.89561151681
2018-01-19,88331.37561151682
2018-01-22,88612.65561151682
2018-01-23,89503.37561151682
2018-01-24,90675.37561151682
2018-01-25,89925.29561151682
2018-01-26,90769.13561151682
2018-01-29,90159.69561151681
2018-01-30,89175.21561151682
2018-01-31,89550.25561151681
2018-02-01,90769.13561151682
2018-02-02,89831.53561151681
2018-02-05,88565.77561151682
2018-02-06,87976.38790600999
2018-02-07,87976.38790600999
2018-02-08,87976.38790600999
2018-02-09,87976.38790600999
2018-02-12,87976.38790600999
2018-02-13,87976.38790600999
2018-02-14,87976.38790600999
2018-02-15,87976.38790600999
2018-02-16,87976.38790600999
2018-02-20,87976.38790600999
2018-02-21,87976.38790600999
2018-02-22,87976.38790600999
2018-02-23,88088.12223244998
2018-02-26,88159.40223244998
2018-02-27,87993.08223244999
2018-02-28,87771.32223244998
2018-03-01,87576.60936164708
2018-03-02,87576.60936164708
2018-03-05,87576.60936164708
2018-03-06,87486.71641340708
2018-03-07,87199.83641340707
2018-03-08,86939.03641340707
2018-03-09,87356.31641340707
2018-03-12,87118.99133548707
2018-03-13,86712.35133548707
2018-03-14,86837.47133548708
2018-03-15,87025.15133548707
2018-03-16,87682.03133548707
2018-03-19,87623.27307256707
2018-03-20,88829.67307256708
2018-03-21,90546.47307256707
2018-03-22,89479.27307256707
2018-03-23,91010.47307256707
2018-03-26,90685.67307256708
2018-03-27,90082.47307256707
2018-03-28,89896.87307256708
2018-03-29,90128.87307256708
2018-04-02,88504.87307256708
2018-04-03,88829.67307256708
2018-04-04,87477.82697948709
2018-04-05,87477.82697948709
2018-04-06,87477.82697948709
2018-04-09,87477.82697948709
2018-04-10,87742.16912292708
2018-04-11,87993.36912292708
2018-04-12,88081.28912292709
2018-04-13,88118.96912292708
2018-04-16,87905.44912292708
2018-04-17,87943.12912292709
2018-04-18,88533.44912292708
2018-04-19,88395.28912292709
2018-04-20,88370.16912292708
2018-04-23,88583.68912292708
2018-04-24,88282.24912292708
2018-04-25,88332.48912292709
2018-04-26,88395.28912292709
2018-04-27,88345.04912292708
2018-04-30,88432.96912292708
2018-05-01,88194.32912292708
2018-05-02,88269.68912292708
2018-05-03,88458.08912292708
2018-05-04,88797.20912292709
2018-05-07,88809.76912292709
2018-05-08,88759.52912292708
2018-05-09,89148.88912292708
2018-05-10,89199.12912292709
2018-05-11,88998.16912292708
2018-05-14,89161.44912292708
2018-05-15,89186.56912292709
2018-05-16,89261.92912292709
2018-05-17,89299.60912292708
2018-05-18,89224.24912292708
2018-05-21,89525.68912292708
2018-05-22,89387.52912292708
2018-05-23,89324.72912292708
2018-05-24,89048.40912292709
2018-05-25,88553.65245440709
2018-05-29,88553.65245440709
2018-05-30,88553.65245440709
2018-05-31,88553.65245440709
2018-06-01,88553.65245440709
2018-06-04,88553.65245440709
2018-06-05,88553.65245440709
2018-06-06,88553.65245440709
2018-06-07,88553.65245440709
2018-06-08,88553.65245440709
2018-06-11,88553.65245440709
2018-06-12,88553.65245440709
2018-06-13,88553.65245440709
2018-06-14,88553.65245440709
2018-06-15,88553.65245440709
2018-06-18,88553.65245440709
2018-06-19,88553.65245440709
2018-06-20,88553.65245440709
2018-06-21,88553.65245440709
2018-06-22,88553.65245440709
2018-06-25,88357.3639066471
2018-06-26,88733.3639066471
2018-06-27,89019.12390664709
2018-06-28,89177.04390664709
2018-06-29,89327.4439066471
2018-07-02,89252.2439066471
2018-07-03,89222.1639066471
2018-07-05,89116.8839066471
2018-07-06,89252.2439066471
2018-07-09,89304.8839066471
2018-07-10,89334.9639066471
2018-07-11,88763.4439066471
2018-07-12,88648.25975560678
2018-07-13,88713.15381912679
2018-07-16,87649.67845623745
2018-07-17,87649.67845623745
2018-07-18,87649.67845623745
2018-07-19,87649.67845623745
2018-07-20,87649.67845623745
2018-07-23,87649.67845623745
2018-07-24,87649.67845623745
2018-07-25,87649.67845623745
2018-07-26,87775.51853903745
2018-07-27,87601.51853903745
2018-07-30,87856.71853903745
2018-07-31,87555.11853903746
2018-08-01,87334.71853903745
2018-08-02,87647.91853903746
2018-08-03,87433.85221451745
2018-08-06,87551.61221451746
2018-08-07,87532.37179207747
2018-08-08,85187.7650669693
2018-08-09,85164.5650669693
2018-08-10,85396.5650669693
2018-08-13,84979.90926605607
2018-08-14,84979.90926605607
2018-08-15,84979.90926605607
2018-08-16,84979.90926605607
2018-08-17,84979.90926605607
2018-08-20,84979.90926605607
2018-08-21,84979.90926605607
2018-08-22,84979.90926605607
2018-08-23,85024.70673405608
2018-08-24,85171.90673405607
2018-08-27,85236.30673405608
2018-08-28,85171.90673405607
2018-08-29,85383.50673405608
2018-08-30,85466.30673405608
2018-08-31,85429.50673405608
2018-09-04,85309.90673405607
2018-09-05,85227.10673405607
2018-09-06,85052.30673405608
2018-09-07,84824.83528175626
2018-09-10,84824.83528175626
2018-09-11,84824.83528175626
2018-09-12,84832.89172975626
2018-09-13,84535.93172975625
2018-09-14,84546.17172975626
2018-09-17,84515.45172975626
2018-09-18,84740.73172975625
2018-09-19,84996.73172975625
2018-09-20,84853.37172975625
2018-09-21,85017.21172975625
2018-09-24,85314.17172975626
2018-09-25,85334.65172975625
2018-09-26,85170.81172975626
2018-09-27,85324.41172975625
2018-09-28,85590.65172975625
2018-10-01,86030.97172975625
2018-10-02,85949.05172975625
2018-10-03,86164.09172975626
2018-10-04,85815.93172975625
2018-10-05,85764.73172975625
2018-10-08,85754.49172975625
2018-10-09,85897.85172975625
2018-10-10,85447.29172975625
2018-10-11,85244.97005039625
2018-10-12,85244.97005039625
2018-10-15,85244.97005039625
2018-10-16,85244.97005039625
2018-10-17,85244.97005039625
2018-10-18,85244.97005039625
2018-10-19,85244.97005039625
2018-10-22,85244.97005039625
2018-10-23,85244.97005039625
2018-10-24,85244.97005039625
2018-10-25,85244.97005039625
2018-10-26,85244.97005039625
2018-10-29,85244.97005039625
2018-10-30,85244.97005039625
2018-10-31,85244.97005039625
2018-11-01,85244.97005039625
2018-11-02,85244.97005039625
2018-11-05,85244.97005039625
2018-11-06,85244.97005039625
2018-11-07,85244.97005039625
2018-11-08,85244.97005039625
2018-11-09,85244.97005039625
2018-11-12,85244.97005039625
2018-11-13,85244.97005039625
2018-11-14,85244.97005039625
2018-11-15,85244.97005039625
2018-11-16,85244.97005039625
2018-11-19,85244.97005039625
2018-11-20,85244.97005039625
2018-11-21,85244.97005039625
2018-11-23,85244.97005039625
2018-11-26,85244.97005039625
2018-11-27,85244.97005039625
2018-11-28,85244.97005039625
2018-11-29,85244.97005039625
2018-11-30,85244.97005039625
2018-12-03,85244.97005039625
2018-12-04,85244.97005039625
2018-12-06,85244.97005039625
2018-12-07,85244.97005039625
2018-12-10,85244.97005039625
2018-12-11,85244.97005039625
2018-12-12,85244.97005039625
2018-12-13,85244.97005039625
2018-12-14,85244.97005039625
2018-12-17,85244.97005039625
2018-12-18,85244.97005039625
2018-12-19,85244.97005039625
2018-12-20,85244.97005039625
2018-12-21,85244.97005039625
2018-12-24,85244.97005039625
2018-12-26,85244.97005039625
2018-12-27,85244.97005039625
2018-12-28,85244.97005039625
2018-12-31,85244.97005039625
2019-01-02,85244.97005039625
2019-01-03,85244.97005039625
2019-01-04,85244.97005039625
2019-01-07,85244.97005039625
2019-01-08,85244.97005039625
2019-01-09,85244.97005039625
2019-01-10,85244.97005039625
2019-01-11,85244.97005039625
2019-01-14,85244.97005039625
2019-01-15,85244.97005039625
2019-01-16,85244.97005039625
2019-01-17,85244.97005039625
2019-01-18,85244.97005039625
2019-01-22,85244.97005039625
2019-01-23,85244.97005039625
2019-01-24,85244.97005039625
2019-01-25,85244.97005039625
2019-01-28,85244.97005039625
2019-01-29,85244.97005039625
2019-01-30,85244.97005039625
2019-01-31,85244.97005039625
2019-02-01,85244.97005039625
2019-02-04,85244.97005039625
2019-02-05,85244.97005039625
2019-02-06,85244.97005039625
2019-02-07,85244.97005039625
2019-02-08,85244.97005039625
2019-02-11,85244.97005039625
2019-02-12,85244.97005039625
2019-02-13,85244.97005039625
2019-02-14,85244.97005039625
2019-02-15,85244.97005039625
2019-02-19,85244.97005039625
2019-02-20,85244.97005039625
2019-02-21,85244.97005039625
2019-02-22,85244.97005039625
2019-02-25,85244.97005039625
2019-02-26,85244.97005039625
2019-02-27,85244.97005039625
2019-02-28,85244.97005039625
2019-03-01,85244.97005039625
2019-03-04,85244.97005039625
2019-03-05,85244.97005039625
2019-03-06,85244.97005039625
2019-03-07,85244.97005039625
2019-03-08,85244.97005039625
2019-03-11,85244.97005039625
2019-03-12,85244.97005039625
2019-03-13,85244.97005039625
2019-03-14,85244.97005039625
2019-03-15,85244.97005039625
2019-03-18,85244.97005039625
2019-03-19,85244.97005039625
2019-03-20,85244.97005039625
2019-03-21,85244.97005039625
2019-03-22,85244.97005039625
2019-03-25,85244.97005039625
2019-03-26,85244.97005039625
2019-03-27,85244.97005039625
2019-03-28,85244.97005039625
2019-03-29,85244.97005039625
2019-04-01,85244.97005039625
2019-04-02,85244.97005039625
2019-04-03,85244.97005039625
2019-04-04,85244.97005039625
2019-04-05,85244.97005039625
2019-04-08,85244.97005039625
2019-04-09,85244.97005039625
2019-04-10,85244.97005039625
2019-04-11,85244.97005039625
2019-04-12,85244.97005039625
2019-04-15,85244.97005039625
2019-04-16,85244.97005039625
2019-04-17,85244.97005039625
2019-04-18,85244.97005039625
2019-04-22,85244.97005039625
2019-04-23,85244.97005039625
2019-04-24,85244.97005039625
2019-04-25,85244.97005039625
2019-04-26,85244.97005039625
2019-04-29,85244.97005039625
2019-04-30,85112.43759659625
2019-05-01,84996.51759659626
2019-05-02,84316.80892447101
2019-05-03,84316.80892447101
2019-05-06,84316.80892447101
2019-05-07,84316.80892447101
2019-05-08,84316.80892447101
2019-05-09,84316.80892447101
2019-05-10,84316.80892447101
2019-05-13,84316.80892447101
2019-05-14,84316.80892447101
2019-05-15,84316.80892447101
2019-05-16,84316.80892447101
2019-05-17,84162.00223231102
2019-05-20,84270.64223231102
2019-05-21,84239.60223231102
2019-05-22,83634.32223231101
2019-05-23,83010.85993927102
2019-05-24,83010.85993927102
2019-05-28,83010.85993927102
2019-05-29,83010.85993927102
2019-05-30,83010.85993927102
2019-05-31,83010.85993927102
2019-06-03,83010.85993927102
2019-06-04,83010.85993927102
2019-06-05,83010.85993927102
2019-06-06,83010.85993927102
2019-06-07,83010.85993927102
2019-06-10,83010.85993927102
2019-06-11,83010.85993927102
2019-06-12,83010.85993927102
2019-06-13,83010.85993927102
2019-06-14,83010.85993927102
2019-06-17,83010.85993927102
2019-06-18,83010.85993927102
2019-06-19,83010.85993927102
2019-06-20,83010.85993927102
2019-06-21,83010.85993927102
2019-06-24,83010.85993927102
2019-06-25,83010.85993927102
2019-06-26,83010.85993927102
2019-06-27,83010.85993927102
2019-06-28,83010.85993927102
2019-07-01,83010.85993927102
2019-07-02,83010.85993927102
2019-07-03,83010.85993927102
2019-07-05,83010.85993927102
2019-07-08,83010.85993927102
2019-07-09,83010.85993927102
2019-07-10,83010.85993927102
2019-07-11,83010.85993927102
2019-07-12,83010.85993927102
2019-07-15,83010.85993927102
2019-07-16,83010.85993927102
2019-07-17,83010.85993927102
2019-07-18,83010.85993927102
2019-07-19,83010.85993927102
2019-07-22,83010.85993927102
2019-07-23,83010.85993927102
2019-07-24,83010.85993927102
2019-07-25,83010.85993927102
2019-07-26,83010.85993927102
2019-07-29,83010.85993927102
2019-07-30,83010.85993927102
2019-07-31,83010.85993927102
2019-08-01,83010.85993927102
2019-08-02,83010.85993927102
2019-08-05,83010.85993927102
2019-08-06,83010.85993927102
2019-08-07,83010.85993927102
2019-08-08,83010.85993927102
2019-08-09,83010.85993927102
2019-08-12,83010.85993927102
2019-08-13,83010.85993927102
2019-08-14,83010.85993927102
2019-08-15,83010.85993927102
2019-08-16,83010.85993927102
2019-08-19,83010.85993927102
2019-08-20,83010.85993927102
2019-08-21,83010.85993927102
2019-08-22,83010.85993927102
2019-08-23,83010.85993927102
2019-08-26,83010.85993927102
2019-08-27,83010.85993927102
2019-08-28,83010.85993927102
2019-08-29,83010.85993927102
2019-08-30,83010.85993927102
2019-09-03,83010.85993927102
2019-09-04,83010.85993927102
2019-09-05,83010.85993927102
2019-09-06,83010.85993927102
2019-09-09,83010.85993927102
2019-09-10,83010.85993927102
2019-09-11,83010.85993927102
2019-09-12,83010.85993927102
2019-09-13,83010.85993927102
2019-09-16,83010.85993927102
2019-09-17,83010.85993927102
2019-09-18,83010.85993927102
2019-09-19,83010.85993927102
2019-09-20,83010.85993927102
2019-09-23,83010.85993927102
2019-09-24,83010.85993927102
2019-09-25,83010.85993927102
2019-09-26,83010.85993927102
2019-09-27,83010.85993927102
2019-09-30,83010.85993927102
2019-10-01,83010.85993927102
2019-10-02,83010.85993927102
2019-10-03,83010.85993927102
2019-10-04,83010.85993927102
2019-10-07,83010.85993927102
2019-10-08,83010.85993927102
2019-10-09,83010.85993927102
2019-10-10,83010.85993927102
2019-10-11,83010.85993927102
2019-10-14,83010.85993927102
2019-10-15,83010.85993927102
2019-10-16,83010.85993927102
2019-10-17,83010.85993927102
2019-10-18,83010.85993927102
2019-10-21,83010.85993927102
2019-10-22,83010.85993927102
2019-10-23,83010.85993927102
2019-10-24,83010.85993927102
2019-10-25,83010.85993927102
2019-10-28,83010.85993927102
2019-10-29,83010.85993927102
2019-10-30,83010.85993927102
2019-10-31,83010.85993927102
2019-11-01,83010.85993927102
2019-11-04,83010.85993927102
2019-11-05,83010.85993927102
2019-11-06,83010.85993927102
2019-11-07,83010.85993927102
2019-11-08,83010.85993927102
2019-11-11,83010.85993927102
2019-11-12,83010.85993927102
2019-11-13,83010.85993927102
2019-11-14,83010.85993927102
2019-11-15,83010.85993927102
2019-11-18,83010.85993927102
2019-11-19,83010.85993927102
2019-11-20,83010.85993927102
2019-11-21,83010.85993927102
2019-11-22,83010.85993927102
2019-11-25,83010.85993927102
2019-11-26,83010.85993927102
2019-11-27,83010.85993927102
2019-11-29,83010.85993927102
2019-12-02,83010.85993927102
2019-12-03,83010.85993927102
2019-12-04,83010.85993927102
2019-12-05,83010.85993927102
2019-12-06,83010.85993927102
2019-12-09,83010.85993927102
2019-12-10,83010.85993927102
2019-12-11,83010.85993927102
2019-12-12,83010.85993927102
2019-12-13,83010.85993927102
2019-12-16,83010.85993927102
2019-12-17,83010.85993927102
2019-12-18,83010.85993927102
2019-12-19,83010.85993927102
2019-12-20,83010.85993927102
2019-12-23,83010.85993927102
2019-12-24,83010.85993927102
2019-12-26,83010.85993927102
2019-12-27,83010.85993927102
2019-12-30,83010.85993927102
2019-12-31,83010.85993927102
2020-01-02,83010.85993927102
2020-01-03,83010.85993927102
2020-01-06,83010.85993927102
2020-01-07,83010.85993927102
2020-01-08,83010.85993927102
2020-01-09,83010.85993927102
2020-01-10,83010.85993927102
2020-01-13,83010.85993927102
2020-01-14,83010.85993927102
2020-01-15,83010.85993927102
2020-01-16,83010.85993927102
2020-01-17,83010.85993927102
2020-01-21,83010.85993927102
2020-01-22,83010.85993927102
2020-01-23,83010.85993927102
2020-01-24,83010.85993927102
2020-01-27,83010.85993927102
2020-01-28,83010.85993927102
2020-01-29,83010.85993927102
2020-01-30,83010.85993927102
2020-01-31,83010.85993927102
2020-02-03,83010.85993927102
2020-02-04,83010.85993927102
2020-02-05,83010.85993927102
2020-02-06,83010.85993927102
2020-02-07,83010.85993927102
2020-02-10,83010.85993927102
2020-02-11,83010.85993927102
2020-02-12,83010.85993927102
2020-02-13,83010.85993927102
2020-02-14,83010.85993927102
2020-02-18,83010.85993927102
2020-02-19,83010.85993927102
2020-02-20,83010.85993927102
2020-02-21,83010.85993927102
2020-02-24,83010.85993927102
2020-02-25,83010.85993927102
2020-02-26,83010.85993927102
2020-02-27,83010.85993927102
2020-02-28,83010.85993927102
2020-03-02,83010.85993927102
2020-03-03,83010.85993927102
2020-03-04,83010.85993927102
2020-03-05,83010.85993927102
2020-03-06,83010.85993927102
2020-03-09,83010.85993927102
2020-03-10,83010.85993927102
2020-03-11,83010.85993927102
2020-03-12,83010.85993927102
2020-03-13,83010.85993927102
2020-03-16,83010.85993927102
2020-03-17,83010.85993927102
2020-03-18,83010.85993927102
2020-03-19,83010.85993927102
2020-03-20,83010.85993927102
2020-03-23,83010.85993927102
2020-03-24,83010.85993927102
2020-03-25,83010.85993927102
2020-03-26,83010.85993927102
2020-03-27,83010.85993927102
2020-03-30,83010.85993927102
2020-03-31,83010.85993927102
2020-04-01,83010.85993927102
2020-04-02,83010.85993927102
2020-04-03,83010.85993927102
2020-04-06,83010.85993927102
2020-04-07,83010.85993927102
2020-04-08,83010.85993927102
2020-04-09,83010.85993927102
2020-04-13,83010.85993927102
2020-04-14,83010.85993927102
2020-04-15,83010.85993927102
2020-04-16,83010.85993927102
2020-04-17,83010.85993927102
2020-04-20,83010.85993927102
2020-04-21,83010.85993927102
2020-04-22,83010.85993927102
2020-04-23,83010.85993927102
2020-04-24,83010.85993927102
2020-04-27,83010.85993927102
2020-04-28,83010.85993927102
2020-04-29,83010.85993927102
2020-04-30,83010.85993927102
2020-05-01,83010.85993927102
2020-05-04,83010.85993927102
2020-05-05,83010.85993927102
2020-05-06,83010.85993927102
2020-05-07,83010.85993927102
2020-05-08,83010.85993927102
2020-05-11,83010.85993927102
2020-05-12,83010.85993927102
2020-05-13,83010.85993927102
2020-05-14,83010.85993927102
2020-05-15,83010.85993927102
2020-05-18,83010.85993927102
2020-05-19,83010.85993927102
2020-05-20,83010.85993927102
2020-05-21,83010.85993927102
2020-05-22,83010.85993927102
2020-05-26,83010.85993927102
2020-05-27,83010.85993927102
2020-05-28,83010.85993927102
2020-05-29,83010.85993927102
2020-06-01,83010.85993927102
2020-06-02,83010.85993927102
2020-06-03,83010.85993927102
2020-06-04,83010.85993927102
2020-06-05,83010.85993927102
2020-06-08,83010.85993927102
2020-06-09,83010.85993927102
2020-06-10,83010.85993927102
2020-06-11,83010.85993927102
2020-06-12,83010.85993927102
2020-06-15,83010.85993927102
2020-06-16,83010.85993927102
2020-06-17,83010.85993927102
2020-06-18,83010.85993927102
2020-06-19,83010.85993927102
2020-06-22,83010.85993927102
2020-06-23,83010.85993927102
2020-06-24,83010.85993927102
2020-06-25,83010.85993927102
2020-06-26,83010.85993927102
2020-06-29,83010.85993927102
2020-06-30,83010.85993927102
2020-07-01,83010.85993927102
2020-07-02,83010.85993927102
2020-07-06,83010.85993927102
2020-07-07,83010.85993927102
2020-07-08,83010.85993927102
2020-07-09,83010.85993927102
2020-07-10,83010.85993927102
2020-07-13,83010.85993927102
2020-07-14,83010.85993927102
2020-07-15,83010.85993927102
2020-07-16,83010.85993927102
2020-07-17,83010.85993927102
2020-07-20,83010.85993927102
2020-07-21,83010.85993927102
2020-07-22,83010.85993927102
2020-07-23,83010.85993927102
2020-07-24,83010.85993927102
2020-07-27,83010.85993927102
2020-07-28,83010.85993927102
2020-07-29,83010.85993927102
2020-07-30,83010.85993927102
2020-07-31,83010.85993927102
2020-08-03,83010.85993927102
2020-08-04,83010.85993927102
2020-08-05,83010.85993927102
2020-08-06,83010.85993927102
2020-08-07,83010.85993927102
2020-08-10,83010.85993927102
2020-08-11,83010.85993927102
2020-08-12,83010.85993927102
2020-08-13,83010.85993927102
2020-08-14,83010.85993927102
2020-08-17,83010.85993927102
2020-08-18,83010.85993927102
2020-08-19,83010.85993927102
2020-08-20,83010.85993927102
2020-08-21,83010.85993927102
2020-08-24,83010.85993927102
2020-08-25,83010.85993927102
2020-08-26,83010.85993927102
2020-08-27,83010.85993927102
2020-08-28,83010.85993927102
2020-08-31,83010.85993927102
2020-09-01,83010.85993927102
2020-09-02,83010.85993927102
2020-09-03,83010.85993927102
2020-09-04,83010.85993927102
2020-09-08,83010.85993927102
2020-09-09,83010.85993927102
2020-09-10,83010.85993927102
2020-09-11,83010.85993927102
2020-09-14,83010.85993927102
2020-09-15,83010.85993927102
2020-09-16,83010.85993927102
2020-09-17,83010.85993927102
2020-09-18,83010.85993927102
2020-09-21,83010.85993927102
2020-09-22,83010.85993927102
2020-09-23,83010.85993927102
2020-09-24,83010.85993927102
2020-09-25,83010.85993927102
2020-09-28,83010.85993927102
2020-09-29,83010.85993927102
2020-09-30,83010.85993927102
2020-10-01,83010.85993927102
2020-10-02,83010.85993927102
2020-10-05,83010.85993927102
2020-10-06,83010.85993927102
2020-10-07,83010.85993927102
2020-10-08,83010.85993927102
2020-10-09,83010.85993927102
2020-10-12,83010.85993927102
2020-10-13,83010.85993927102
2020-10-14,83010.85993927102
2020-10-15,83010.85993927102
2020-10-16,83010.85993927102
2020-10-19,83010.85993927102
2020-10-20,83010.85993927102
2020-10-21,83010.85993927102
2020-10-22,83010.85993927102
2020-10-23,83010.85993927102
2020-10-26,83010.85993927102
2020-10-27,83010.85993927102
2020-10-28,83010.85993927102
2020-10-29,83010.85993927102
2020-10-30,83010.85993927102
2020-11-02,83010.85993927102
2020-11-03,83010.85993927102
2020-11-04,83010.85993927102
2020-11-05,83010.85993927102
2020-11-06,83010.85993927102
2020-11-09,83010.85993927102
2020-11-10,83010.85993927102
2020-11-11,83010.85993927102
2020-11-12,83010.85993927102
2020-11-13,83010.85993927102
2020-11-16,83010.85993927102
2020-11-17,83010.85993927102
2020-11-18,83010.85993927102
2020-11-19,83010.85993927102
2020-11-20,83010.85993927102
2020-11-23,83010.85993927102
2020-11-24,83010.85993927102
2020-11-25,83010.85993927102
2020-11-27,83010.85993927102
2020-11-30,83010.85993927102
2020-12-01,83010.85993927102
2020-12-02,83010.85993927102
2020-12-03,83010.85993927102
2020-12-04,83010.85993927102
2020-12-07,83010.85993927102
2020-12-08,83010.85993927102
2020-12-09,83010.85993927102
2020-12-10,83010.85993927102
2020-12-11,83010.85993927102
2020-12-14,83010.85993927102
2020-12-15,83010.85993927102
2020-12-16,83010.85993927102
2020-12-17,83010.85993927102
2020-12-18,83010.85993927102
2020-12-21,83010.85993927102
2020-12-22,83010.85993927102
2020-12-23,83010.85993927102
2020-12-24,83010.85993927102
2020-12-28,83010.85993927102
2020-12-29,83010.85993927102
2020-12-30,83010.85993927102
2020-12-31,83010.85993927102
2021-01-04,83010.85993927102
2021-01-05,83010.85993927102
2021-01-06,83010.85993927102
2021-01-07,83010.85993927102
2021-01-08,83010.85993927102
2021-01-11,83010.85993927102
2021-01-12,83010.85993927102
2021-01-13,83010.85993927102
2021-01-14,83010.85993927102
2021-01-15,83010.85993927102
2021-01-19,83010.85993927102
2021-01-20,83010.85993927102
2021-01-21,83010.85993927102
2021-01-22,83010.85993927102
2021-01-25,83010.85993927102
2021-01-26,83010.85993927102
2021-01-27,83010.85993927102
2021-01-28,83010.85993927102
2021-01-29,83010.85993927102
2021-02-01,83010.85993927102
2021-02-02,83010.85993927102
2021-02-03,83010.85993927102
2021-02-04,83010.85993927102
2021-02-05,83010.85993927102
2021-02-08,83010.85993927102
2021-02-09,83010.85993927102
2021-02-10,83010.85993927102
2021-02-11,83010.85993927102
2021-02-12,83010.85993927102
2021-02-16,83010.85993927102
2021-02-17,83010.85993927102
2021-02-18,83010.85993927102
2021-02-19,83010.85993927102
2021-02-22,83010.85993927102
2021-02-23,83010.85993927102
2021-02-24,83010.85993927102
2021-02-25,83010.85993927102
2021-02-26,83010.85993927102
2021-03-01,83010.85993927102
2021-03-02,83010.85993927102
2021-03-03,83010.85993927102
2021-03-04,83010.85993927102
2021-03-05,83010.85993927102
2021-03-08,83010.85993927102
2021-03-09,83010.85993927102
2021-03-10,83010.85993927102
2021-03-11,83010.85993927102
2021-03-12,83010.85993927102
2021-03-15,83010.85993927102
2021-03-16,83010.85993927102
2021-03-17,83010.85993927102
2021-03-18,83010.85993927102
2021-03-19,83010.85993927102
2021-03-22,83010.85993927102
2021-03-23,83010.85993927102
2021-03-24,83010.85993927102
2021-03-25,83010.85993927102
2021-03-26,83010.85993927102
2021-03-29,83010.85993927102
2021-03-30,82994.50359599102
2021-03-31,82792.26359599103
2021-04-01,83206.22359599102
2021-04-05,82235.19883438102
2021-04-06,82570.35883438103
2021-04-07,82698.03883438103
2021-04-08,82666.11883438102
2021-04-09,82522.47883438102
2021-04-12,82729.95883438103
2021-04-13,83128.95883438103
2021-04-14,84648.11447553852
2021-04-15,84889.84447553853
2021-04-16,84795.25447553852
2021-04-19,84942.39447553852
2021-04-20,84332.81447553853
2021-04-21,83313.34447553853
2021-04-22,83649.66447553852
2021-04-23,84038.53447553853
2021-04-26,83901.90447553853
2021-04-27,84721.68447553852
2021-04-28,85163.10447553852
2021-04-29,85930.33447553852
2021-04-30,84889.84447553853
2021-05-03,85636.05447553852
2021-05-04,86571.44447553852
2021-05-05,86350.73447553851
2021-05-06,86087.98447553851
2021-05-07,86109.00447553852
2021-05-10,86161.55447553852
2021-05-11,86571.44447553852
2021-05-12,86939.29447553853
2021-05-13,85457.38447553852
2021-05-14,86403.28447553853
2021-05-17,87117.96447553852
2021-05-18,86539.91447553852
2021-05-19,84044.32310873801
2021-05-20,84044.32310873801
2021-05-21,84044.32310873801
2021-05-24,84044.32310873801
2021-05-25,83989.91622498802
2021-05-26,84059.91622498802
2021-05-27,84147.41622498802
2021-05-28,84114.91622498802
2021-06-01,84342.41622498802
2021-06-02,84484.91622498802
2021-06-03,84502.41622498802
2021-06-04,84574.91622498802
2021-06-07,84577.41622498802
2021-06-08,84729.91622498802
2021-06-09,84654.91622498802
2021-06-10,84717.41622498802
2021-06-11,84777.41622498802
2021-06-14,84839.91622498802
2021-06-15,85004.91622498802
2021-06-16,84947.41622498802
2021-06-17,84769.91622498802
2021-06-18,84849.91622498802
2021-06-21,85099.91622498802
2021-06-22,85114.91622498802
2021-06-23,85189.91622498802
2021-06-24,85219.91622498802
2021-06-25,85322.41622498802
2021-06-28,85144.91622498802
2021-06-29,85232.41622498802
2021-06-30,85229.91622498802
2021-07-01,85414.91622498802
2021-07-02,85492.41622498802
2021-07-06,85234.91622498802
2021-07-07,84835.5866394422
2021-07-08,84835.5866394422
2021-07-09,84958.1874894422
2021-07-12,84921.5874894422
2021-07-13,85229.0274894422
2021-07-14,84698.3274894422
2021-07-15,84456.76748944221
2021-07-16,84218.1193475837
2021-07-19,84218.1193475837
2021-07-20,84218.1193475837
2021-07-21,84218.1193475837
2021-07-22,84218.1193475837
2021-07-23,84243.10251170871
2021-07-26,84277.30251170871
2021-07-27,84243.10251170871
2021-07-28,84285.85251170871
2021-07-29,84443.1725117087
2021-07-30,84446.5925117087
2021-08-02,84193.5125117087
2021-08-03,84137.08251170871
2021-08-04,83892.4566055037
2021-08-05,83892.4566055037
2021-08-06,83892.4566055037
2021-08-09,83892.4566055037
2021-08-10,83892.4566055037
2021-08-11,83892.4566055037
2021-08-12,83892.4566055037
2021-08-13,83892.4566055037
2021-08-16,83892.4566055037
2021-08-17,83892.4566055037
2021-08-18,83892.4566055037
2021-08-19,83892.4566055037
2021-08-20,83892.4566055037
2021-08-23,83892.4566055037
2021-08-24,83892.4566055037
2021-08-25,83966.48222713871
2021-08-26,83906.7522271387
2021-08-27,84028.0222271387
2021-08-30,84073.2722271387
2021-08-31,84008.1122271387
2021-09-01,83988.2022271387
2021-09-02,84172.8222271387
2021-09-03,84120.3322271387
2021-09-07,84008.1122271387
2021-09-08,84107.6622271387
2021-09-09,83955.62222713871
2021-09-10,84145.6722271387
2021-09-13,84270.6793255387
2021-09-14,84184.14932553872
2021-09-15,84886.56932553872
2021-09-16,84891.65932553871
2021-09-17,84698.23932553871
2021-09-20,84331.75932553872
2021-09-21,84321.57932553871
2021-09-22,84779.6793255387
2021-09-23,85237.77932553871
2021-09-24,85461.73932553871
2021-09-27,86016.54932553871
2021-09-28,85756.95932553872
2021-09-29,85716.23932553871
2021-09-30,85838.39932553872
2021-10-01,86194.6993255387
2021-10-04,86820.76932553871
2021-10-05,87401.02932553871
2021-10-06,86652.79932553871
2021-10-07,87263.59932553871
2021-10-08,87319.5893255387
2021-10-11,87680.9793255387
2021-10-12,87645.34932553871
2021-10-13,87670.79932553871
2021-10-14,88001.64932553872
2021-10-15,88174.70932553872
2021-10-18,88077.99932553871
2021-10-19,88312.13932553871
2021-10-20,88668.43932553871
2021-10-21,88307.04932553871
2021-10-22,88622.62932553871
2021-10-25,88520.82932553871
2021-10-26,88836.40932553871
2021-10-27,88047.45932553872
2021-10-28,88301.95932553872
2021-10-29,88174.70932553872
2021-11-01,88368.12932553871
2021-11-02,88368.12932553871
2021-11-03,87274.9670337206
2021-11-04,87274.9670337206
2021-11-05,87274.9670337206
2021-11-08,87409.7242757906
2021-11-09,87688.68427579061
2021-11-10,87165.63427579061
2021-11-11,87133.93427579061
2021-11-12,87057.85427579061
2021-11-15,87086.38427579061
2021-11-16,87127.5942757906
2021-11-17,86658.57073999214
2021-11-18,86658.57073999214
2021-11-19,86658.57073999214
2021-11-22,86658.57073999214
2021-11-23,86658.57073999214
2021-11-24,86654.57155463714
2021-11-26,85582.43829329713
2021-11-29,85582.43829329713
2021-11-30,85582.43829329713
2021-12-01,85582.43829329713
2021-12-02,85582.43829329713
2021-12-03,85582.43829329713
2021-12-06,85582.43829329713
2021-12-07,85582.43829329713
2021-12-08,85582.43829329713
2021-12-09,85381.96757149712
2021-12-10,85589.01757149713
2021-12-13,85468.06757149713
2021-12-14,85361.46757149712
2021-12-15,85504.96757149712
2021-12-16,85556.21757149712
2021-12-17,85332.76757149713
2021-12-20,85152.36757149713
2021-12-21,85494.71757149712
2021-12-22,85681.26757149713
2021-12-23,85904.77566557712
2021-12-27,86409.34566557713
2021-12-28,86463.79566557713
2021-12-29,86612.62566557713
2021-12-30,86619.88566557712
2021-12-31,86351.26566557713
2022-01-03,86521.87566557713
2022-01-04,86797.75566557713
2022-01-05,86739.67566557713
2022-01-06,87269.65566557713
2022-01-07,87189.79566557713
2022-01-10,87004.66566557712
2022-01-11,87730.66566557712
2022-01-12,88002.91566557712
2022-01-13,87770.59566557713
2022-01-14,88387.69566557712
2022-01-18,88750.69566557712
2022-01-19,88779.73566557713
2022-01-20,88638.16566557712
2022-01-21,88681.72566557712
2022-01-24,88438.51566557713
2022-01-25,88750.69566557712
2022-01-26,89008.42566557713
2022-01-27,89073.76566557713
2022-01-28,89113.69566557712
2022-01-31,89298.82566557713
2022-02-01,89316.97566557712
2022-02-02,89313.34566557713
2022-02-03,89672.71566557713
2022-02-04,90180.91566557712
2022-02-07,90097.42566557713
2022-02-08,89712.64566557712
2022-02-09,89912.29566557713
2022-02-10,89836.06566557713
2022-02-11,90482.20566557712
2022-02-14,90707.26566557713
2022-02-15,89952.22566557712
2022-02-16,89683.60566557712
2022-02-17,89912.29566557713
2022-02-18,90119.20566557712
2022-02-22,90409.60566557712
2022-02-23,90663.70566557712
2022-02-24,90700.00566557713
2022-02-25,90503.98566557713
2022-02-28,91113.82566557713
2022-03-01,92689.24566557712
2022-03-02,93996.04566557713
2022-03-03,93672.97566557712
2022-03-04,95462.56566557713
2022-03-07,96518.89566557712
2022-03-08,97629.67566557713
2022-03-09,94244.8573511662
2022-03-10,94244.8573511662
2022-03-11,94244.8573511662
2022-03-14,94244.8573511662
2022-03-15,94244.8573511662
2022-03-16,94244.8573511662
2022-03-17,94244.8573511662
2022-03-18,94275.5020174162
2022-03-21,94814.5020174162
2022-03-22,94706.7020174162
2022-03-23,95079.6020174162
2022-03-24,94837.6020174162
2022-03-25,94946.5020174162
2022-03-28,94263.4020174162
2022-03-29,93989.25057356888
2022-03-30,93945.18467200387
2022-03-31,93342.57467200387
2022-04-01,93350.52467200388
2022-04-04,93778.23467200388
2022-04-05,93033.69503081388
2022-04-06,92316.55616661346
2022-04-07,92033.24608567188
2022-04-08,92033.24608567188
2022-04-11,92033.24608567188
2022-04-12,92033.24608567188
2022-04-13,92168.29174739688
2022-04-14,92302.84174739687
2022-04-18,92401.12174739687
2022-04-19,91985.77174739688
2022-04-20,92030.23174739687
2022-04-21,92133.19174739688
2022-04-22,91921.42174739687
2022-04-25,91437.46566704835
2022-04-26,91437.46566704835
2022-04-27,91654.68661308836
2022-04-28,91981.29661308836
2022-04-29,91805.57661308836
2022-05-02,92038.59661308836
2022-05-03,91715.80661308835
2022-05-04,92390.03661308836
2022-05-05,92439.69661308835
2022-05-06,92754.84661308836
2022-05-09,91692.88661308835
2022-05-10,91303.24661308835
2022-05-11,92000.39661308836
2022-05-12,92296.14715360335
2022-05-13,93001.34715360335
2022-05-16,93630.86715360335
2022-05-17,92942.86715360335
2022-05-18,92316.78715360335
2022-05-19,92760.54715360336
2022-05-20,93128.62715360336
2022-05-23,93238.70715360335
2022-05-24,93249.02715360335
2022-05-25,93414.14715360335
2022-05-26,94139.98715360335
2022-05-27,94439.26715360334
2022-05-31,94442.70715360335
2022-06-01,94466.78715360335
2022-06-02,95055.02715360335
2022-06-03,95818.70715360335
2022-06-06,95447.18715360336
2022-06-07,96014.78715360335
2022-06-08,96685.58715360335
2022-06-09,96372.54715360336
2022-06-10,96045.74715360336
2022-06-13,96124.86715360335
2022-06-14,95467.82715360336
2022-06-15,94944.94715360335
2022-06-16,94329.10390250324
2022-06-17,94329.10390250324
2022-06-21,94329.10390250324
2022-06-22,94329.10390250324
2022-06-23,94329.10390250324
2022-06-24,94329.10390250324
2022-06-27,94329.10390250324
2022-06-28,94329.10390250324
2022-06-29,94008.97486932823
2022-06-30,93735.97486932823
2022-07-01,93874.57486932824
2022-07-05,93364.16926702534
2022-07-06,93364.16926702534
2022-07-07,93364.16926702534
2022-07-08,93364.16926702534
2022-07-11,93364.16926702534
2022-07-12,93364.16926702534
2022-07-13,93364.16926702534
2022-07-14,93364.16926702534
2022-07-15,93364.16926702534
2022-07-18,93364.16926702534
2022-07-19,93364.16926702534
2022-07-20,93364.16926702534
2022-07-21,93364.16926702534
2022-07-22,93364.16926702534
2022-07-25,93364.16926702534
2022-07-26,93364.16926702534
2022-07-27,93364.16926702534
2022-07-28,93236.21270100033
2022-07-29,93318.09270100034
2022-08-01,93058.21270100033
2022-08-02,93129.41270100034
2022-08-03,92915.81270100034
2022-08-04,92737.81270100034
2022-08-05,92626.19388544533
2022-08-08,92626.19388544533
2022-08-09,92626.19388544533
2022-08-10,92626.19388544533
2022-08-11,92626.19388544533
2022-08-12,92557.60197329533
2022-08-15,92253.10197329533
2022-08-16,92015.30197329533
2022-08-17,92132.75197329534
2022-08-18,92445.95197329533
2022-08-19,92424.20197329533
2022-08-22,92514.10197329533
2022-08-23,92949.92236519534
2022-08-24,93294.77236519534
2022-08-25,92855.87236519533
2022-08-26,92670.62236519533
2022-08-29,93480.02236519534
2022-08-30,92562.32236519533
2022-08-31,91889.72236519534
2022-09-01,91489.14084108693
2022-09-02,91489.14084108693
2022-09-06,91489.14084108693
2022-09-07,91489.14084108693
2022-09-08,91489.14084108693
2022-09-09,91489.14084108693
2022-09-12,91489.14084108693
2022-09-13,91489.14084108693
2022-09-14,91489.14084108693
2022-09-15,91489.14084108693
2022-09-16,91489.14084108693
2022-09-19,91489.14084108693
2022-09-20,91489.14084108693
2022-09-21,91489.14084108693
2022-09-22,91489.14084108693
2022-09-23,91489.14084108693
2022-09-26,91489.14084108693
2022-09-27,91489.14084108693
2022-09-28,91489.14084108693
2022-09-29,91489.14084108693
2022-09-30,91489.14084108693
2022-10-03,91489.14084108693
2022-10-04,91489.14084108693
2022-10-05,91489.14084108693
2022-10-06,91489.14084108693
2022-10-07,91489.14084108693
2022-10-10,91489.14084108693
2022-10-11,91489.14084108693
2022-10-12,91489.14084108693
2022-10-13,91489.14084108693
2022-10-14,91489.14084108693
2022-10-17,91489.14084108693
2022-10-18,91489.14084108693
2022-10-19,91489.14084108693
2022-10-20,91489.14084108693
2022-10-21,91489.14084108693
2022-10-24,91489.14084108693
2022-10-25,91489.14084108693
2022-10-26,91489.14084108693
2022-10-27,91489.14084108693
2022-10-28,91489.14084108693
2022-10-31,91489.14084108693
2022-11-01,91489.14084108693
2022-11-02,91489.14084108693
2022-11-03,91489.14084108693
2022-11-04,91489.14084108693
2022-11-07,91489.14084108693
2022-11-08,91489.14084108693
2022-11-09,91489.14084108693
2022-11-10,91489.14084108693
2022-11-11,91489.14084108693
2022-11-14,91489.14084108693
2022-11-15,91489.14084108693
2022-11-16,91489.14084108693
2022-11-17,91489.14084108693
2022-11-18,91489.14084108693
2022-11-21,91489.14084108693
2022-11-22,91489.14084108693
2022-11-23,91489.14084108693
2022-11-25,91489.14084108693
2022-11-28,91489.14084108693
2022-11-29,91489.14084108693
2022-11-30,91489.14084108693
2022-12-01,91489.14084108693
2022-12-02,91489.14084108693
2022-12-05,91489.14084108693
2022-12-06,91489.14084108693
2022-12-07,91489.14084108693
2022-12-08,91489.14084108693
2022-12-09,91489.14084108693
2022-12-12,91489.14084108693
2022-12-13,91489.14084108693
2022-12-14,91489.14084108693
2022-12-15,91489.14084108693
2022-12-16,91489.14084108693
2022-12-19,91489.14084108693
2022-12-20,91489.14084108693
2022-12-21,91489.14084108693
2022-12-22,91489.14084108693
2022-12-23,91489.14084108693
2022-12-27,91489.14084108693
2022-12-28,91489.14084108693
2022-12-29,91489.14084108693
2022-12-30,91489.14084108693
2023-01-03,91489.14084108693
2023-01-04,91489.14084108693
2023-01-05,91489.14084108693
2023-01-06,91489.14084108693
2023-01-09,91489.14084108693
2023-01-10,91489.14084108693
2023-01-11,91489.14084108693
2023-01-12,91489.14084108693
2023-01-13,91489.14084108693
2023-01-17,91489.14084108693
2023-01-18,91489.14084108693
2023-01-19,91489.14084108693
2023-01-20,91489.14084108693
2023-01-23,91489.14084108693
2023-01-24,91489.14084108693
2023-01-25,91489.14084108693
2023-01-26,91489.14084108693
2023-01-27,91489.14084108693
2023-01-30,91489.14084108693
2023-01-31,91489.14084108693
2023-02-01,91489.14084108693
2023-02-02,91489.14084108693
2023-02-03,91489.14084108693
2023-02-06,91489.14084108693
2023-02-07,91489.14084108693
2023-02-08,91489.14084108693
2023-02-09,91489.14084108693
2023-02-10,91489.14084108693
2023-02-13,91489.14084108693
2023-02-14,91489.14084108693
2023-02-15,91489.14084108693
2023-02-16,91489.14084108693
2023-02-17,91489.14084108693
2023-02-21,91489.14084108693
2023-02-22,91489.14084108693
2023-02-23,91489.14084108693
2023-02-24,91489.14084108693
2023-02-27,91489.14084108693
2023-02-28,91489.14084108693
2023-03-01,91489.14084108693
2023-03-02,91489.14084108693
2023-03-03,91489.14084108693
2023-03-06,91489.14084108693
2023-03-07,91489.14084108693
2023-03-08,91489.14084108693
2023-03-09,91489.14084108693
2023-03-10,91489.14084108693
2023-03-13,91489.14084108693
2023-03-14,91489.14084108693
2023-03-15,91489.14084108693
2023-03-16,91489.14084108693
2023-03-17,91489.14084108693
2023-03-20,91489.14084108693
2023-03-21,91489.14084108693
2023-03-22,91489.14084108693
2023-03-23,91489.14084108693
2023-03-24,91489.14084108693
2023-03-27,91489.14084108693
2023-03-28,91489.14084108693
2023-03-29,91489.14084108693
2023-03-30,91489.14084108693
2023-03-31,91489.14084108693
2023-04-03,91489.14084108693
2023-04-04,91489.14084108693
2023-04-05,91489.14084108693
2023-04-06,91489.14084108693
2023-04-10,91489.14084108693
2023-04-11,91489.14084108693
2023-04-12,91489.14084108693
2023-04-13,91489.14084108693
2023-04-14,91489.14084108693
2023-04-17,91489.14084108693
2023-04-18,91489.14084108693
2023-04-19,91489.14084108693
2023-04-20,91489.14084108693
2023-04-21,91489.14084108693
2023-04-24,91489.14084108693
2023-04-25,91489.14084108693
2023-04-26,91489.14084108693
2023-04-27,91489.14084108693
2023-04-28,91489.14084108693
2023-05-01,91489.14084108693
2023-05-02,91489.14084108693
2023-05-03,91489.14084108693
2023-05-04,91489.14084108693
2023-05-05,91489.14084108693
2023-05-08,91489.14084108693
2023-05-09,91489.14084108693
2023-05-10,91489.14084108693
2023-05-11,91489.14084108693
2023-05-12,91489.14084108693
2023-05-15,91489.14084108693
2023-05-16,91489.14084108693
2023-05-17,91489.14084108693
2023-05-18,91489.14084108693
2023-05-19,91489.14084108693
2023-05-22,91489.14084108693
2023-05-23,91489.14084108693
2023-05-24,91489.14084108693
2023-05-25,91489.14084108693
2023-05-26,91489.14084108693
2023-05-30,91489.14084108693
2023-05-31,91489.14084108693
2023-06-01,91489.14084108693
2023-06-02,91489.14084108693
2023-06-05,91489.14084108693
2023-06-06,91489.14084108693
2023-06-07,91489.14084108693
2023-06-08,91489.14084108693
2023-06-09,91489.14084108693
2023-06-12,91489.14084108693
2023-06-13,91489.14084108693
2023-06-14,91489.14084108693
2023-06-15,91489.14084108693
2023-06-16,91489.14084108693
2023-06-20,91489.14084108693
2023-06-21,91489.14084108693
2023-06-22,91489.14084108693
2023-06-23,91489.14084108693
2023-06-26,91489.14084108693
2023-06-27,91489.14084108693
2023-06-28,91489.14084108693
2023-06-29,91489.14084108693
2023-06-30,91489.14084108693
2023-07-03,91489.14084108693
2023-07-05,91489.14084108693
2023-07-06,91489.14084108693
2023-07-07,91489.14084108693
2023-07-10,91489.14084108693
2023-07-11,91489.14084108693
2023-07-12,91489.14084108693
2023-07-13,91489.14084108693
2023-07-14,91489.14084108693
2023-07-17,91489.14084108693
2023-07-18,91489.14084108693
2023-07-19,91489.14084108693
2023-07-20,91489.14084108693
2023-07-21,91489.14084108693
2023-07-24,91489.14084108693
2023-07-25,91489.14084108693
2023-07-26,91489.14084108693
2023-07-27,91489.14084108693
2023-07-28,91489.14084108693
2023-07-31,91489.14084108693
2023-08-01,91489.14084108693
2023-08-02,91489.14084108693
2023-08-03,91489.14084108693
2023-08-04,91489.14084108693
2023-08-07,91489.14084108693
2023-08-08,91489.14084108693
2023-08-09,91489.14084108693
2023-08-10,91489.14084108693
2023-08-11,91489.14084108693
2023-08-14,91489.14084108693
2023-08-15,91489.14084108693
2023-08-16,91489.14084108693
2023-08-17,91489.14084108693
2023-08-18,91769.58773677694
2023-08-21,91652.19773677693
2023-08-22,91484.49773677693
2023-08-23,90434.9271963801
2023-08-24,90434.9271963801
2023-08-25,90434.9271963801
2023-08-28,90401.9827055801
2023-08-29,90705.92270558009
2023-08-30,90819.4827055801
2023-08-31,91287.08270558009
2023-09-01,91908.3227055801
2023-09-05,92188.8827055801
2023-09-06,92442.72270558009
2023-09-07,92252.3427055801
2023-09-08,92369.2427055801
2023-09-11,92392.6227055801
2023-09-12,92836.8427055801
2023-09-13,92830.1627055801
2023-09-14,93311.1227055801
2023-09-15,93367.9027055801
2023-09-18,93421.3427055801
2023-09-19,93438.0427055801
2023-09-20,92983.80270558009
2023-09-21,93073.9827055801
2023-09-22,93147.4627055801
2023-09-25,93067.30270558009
2023-09-26,93230.9627055801
2023-09-27,93905.6427055801
2023-09-28,93461.42270558009
2023-09-29,93224.28270558009
2023-10-02,92626.68338196525
2023-10-03,92626.68338196525
2023-10-04,92626.68338196525
2023-10-05,92626.68338196525
2023-10-06,92626.68338196525
2023-10-09,92626.68338196525
2023-10-10,92626.68338196525
2023-10-11,92626.68338196525
2023-10-12,92626.68338196525
2023-10-13,92626.68338196525
2023-10-16,92574.05968766025
2023-10-17,92634.32968766025
2023-10-18,92787.20968766026
2023-10-19,93057.68968766026
2023-10-20,92913.62968766026
2023-10-23,92647.55968766025
2023-10-24,92314.03033848395
2023-10-25,92314.03033848395
2023-10-26,92281.57897387896
2023-10-27,93144.46897387895
2023-10-30,90731.05413937785
2023-10-31,90177.13622523722
2023-11-01,90177.13622523722
2023-11-02,90177.13622523722
2023-11-03,90177.13622523722
2023-11-06,90177.13622523722
2023-11-07,90177.13622523722
2023-11-08,90177.13622523722
2023-11-09,90177.13622523722
2023-11-10,90177.13622523722
2023-11-13,90177.13622523722
2023-11-14,90177.13622523722
2023-11-15,90177.13622523722
2023-11-16,90177.13622523722
2023-11-17,90177.13622523722
2023-11-20,90177.13622523722
2023-11-21,90177.13622523722
2023-11-22,90177.13622523722
2023-11-24,90177.13622523722
2023-11-27,90177.13622523722
2023-11-28,90177.13622523722
2023-11-29,90177.13622523722
2023-11-30,90177.13622523722
2023-12-01,90177.13622523722
2023-12-04,90177.13622523722
2023-12-05,90177.13622523722
2023-12-06,90177.13622523722
2023-12-07,90177.13622523722
2023-12-08,90177.13622523722
2023-12-11,90177.13622523722
2023-12-12,90177.13622523722
2023-12-13,90177.13622523722
2023-12-14,90177.13622523722
2023-12-15,90177.13622523722
2023-12-18,90177.13622523722
2023-12-19,90177.13622523722
2023-12-20,90177.13622523722
2023-12-21,90177.13622523722
2023-12-22,90177.13622523722
2023-12-26,90177.13622523722
2023-12-27,90177.13622523722
2023-12-28,90177.13622523722
2023-12-29,90177.13622523722
2024-01-02,90177.13622523722
2024-01-03,90177.13622523722
2024-01-04,90177.13622523722
2024-01-05,90177.13622523722
2024-01-08,90177.13622523722
2024-01-09,90177.13622523722
2024-01-10,90177.13622523722
2024-01-11,90177.13622523722
2024-01-12,90177.13622523722
2024-01-16,90177.13622523722
2024-01-17,90177.13622523722
2024-01-18,90177.13622523722
2024-01-19,90177.13622523722
2024-01-22,90177.13622523722
2024-01-23,90177.13622523722
2024-01-24,90177.13622523722
2024-01-25,90177.13622523722
2024-01-26,90177.13622523722
2024-01-29,90177.13622523722
2024-01-30,90177.13622523722
2024-01-31,90177.13622523722
2024-02-01,90177.13622523722
2024-02-02,90177.13622523722
2024-02-05,90177.13622523722
2024-02-06,90177.13622523722
2024-02-07,90177.13622523722
2024-02-08,90177.13622523722
2024-02-09,90177.13622523722
2024-02-12,90177.13622523722
2024-02-13,90177.13622523722
2024-02-14,90177.13622523722
2024-02-15,90177.13622523722
2024-02-16,90177.13622523722
2024-02-20,90177.13622523722
2024-02-21,90177.13622523722
2024-02-22,90177.13622523722
2024-02-23,90177.13622523722
2024-02-26,90177.13622523722
2024-02-27,90177.13622523722
2024-02-28,90177.13622523722
2024-02-29,90177.13622523722
2024-03-01,90177.13622523722
2024-03-04,90177.13622523722
2024-03-05,90177.13622523722
2024-03-06,90177.13622523722
2024-03-07,90177.13622523722
2024-03-08,90177.13622523722
2024-03-11,90177.13622523722
2024-03-12,90177.13622523722
2024-03-13,90177.13622523722
2024-03-14,90177.13622523722
2024-03-15,90177.13622523722
2024-03-18,90177.13622523722
2024-03-19,90177.13622523722
2024-03-20,90177.13622523722
2024-03-21,90177.13622523722
2024-03-22,90177.13622523722
2024-03-25,90177.13622523722
2024-03-26,90177.13622523722
2024-03-27,90177.13622523722
2024-03-28,90177.13622523722
2024-04-01,90177.13622523722
2024-04-02,90177.13622523722
2024-04-03,90177.13622523722
2024-04-04,90177.13622523722
2024-04-05,90177.13622523722
2024-04-08,90177.13622523722
2024-04-09,90177.13622523722
2024-04-10,90177.13622523722
2024-04-11,90177.13622523722
2024-04-12,90177.13622523722
2024-04-15,90177.13622523722
2024-04-16,90177.13622523722
2024-04-17,90177.13622523722
2024-04-18,90177.13622523722
2024-04-19,90177.13622523722
2024-04-22,90177.13622523722
2024-04-23,90177.13622523722
2024-04-24,90118.73792989722
2024-04-25,90365.13792989722
2024-04-26,90349.73792989722
2024-04-29,90075.61792989721
2024-04-30,89730.65792989722
2024-05-01,89191.55699264517
2024-05-02,89191.55699264517
2024-05-03,89191.55699264517
2024-05-06,89191.55699264517
2024-05-07,89191.55699264517
2024-05-08,89191.55699264517
2024-05-09,89191.55699264517
2024-05-10,89191.55699264517
2024-05-13,89191.55699264517
2024-05-14,89191.55699264517
2024-05-15,89191.55699264517
2024-05-16,89191.55699264517
2024-05-17,89191.55699264517
2024-05-20,89191.55699264517
2024-05-21,89191.55699264517
2024-05-22,89191.55699264517
2024-05-23,89191.55699264517
2024-05-24,89191.55699264517
2024-05-28,89191.55699264517
2024-05-29,88955.07734196518
2024-05-30,88751.23734196518
2024-05-31,88612.07734196518
2024-06-03,88400.68019642518
2024-06-04,88400.68019642518
2024-06-05,88400.68019642518
2024-06-06,88400.68019642518
2024-06-07,88400.68019642518
2024-06-10,88400.68019642518
2024-06-11,88400.68019642518
2024-06-12,88400.68019642518
2024-06-13,88400.68019642518
2024-06-14,88400.68019642518
2024-06-17,88400.68019642518
2024-06-18,88400.68019642518
2024-06-20,88400.68019642518
2024-06-21,88400.68019642518
2024-06-24,88400.68019642518
2024-06-25,88400.68019642518
2024-06-26,88400.68019642518
2024-06-27,88400.68019642518
2024-06-28,88400.68019642518
2024-07-01,88400.68019642518
2024-07-02,88400.68019642518
2024-07-03,88400.68019642518
2024-07-05,88400.68019642518
2024-07-08,88400.68019642518
2024-07-09,88400.68019642518
2024-07-10,88400.68019642518
2024-07-11,88400.68019642518
2024-07-12,88400.68019642518
2024-07-15,88400.68019642518
2024-07-16,88400.68019642518
2024-07-17,88400.68019642518
2024-07-18,88126.58744671517
2024-07-19,87424.96002407915
2024-07-22,87424.96002407915
2024-07-23,87424.96002407915
2024-07-24,87424.96002407915
2024-07-25,87424.96002407915
2024-07-26,87424.96002407915
2024-07-29,87424.96002407915
2024-07-30,87424.96002407915
2024-07-31,87424.96002407915
2024-08-01,87424.96002407915
2024-08-02,87424.96002407915
2024-08-05,87424.96002407915
2024-08-06,87424.96002407915
2024-08-07,87424.96002407915
2024-08-08,87424.96002407915
2024-08-09,87424.96002407915
2024-08-12,87424.96002407915
2024-08-13,87292.88820881915
2024-08-14,87131.18820881915
2024-08-15,87257.46820881915
2024-08-16,87089.60820881915
2024-08-19,86790.84820881914
2024-08-20,86816.95246853914
2024-08-21,86816.95246853914
2024-08-22,86816.95246853914
2024-08-23,86816.95246853914
2024-08-26,86816.95246853914
2024-08-27,86566.98603956914
2024-08-28,86318.52603956914
2024-08-29,86635.86603956914
2024-08-30,86011.20103171415
2024-09-03,86011.20103171415
2024-09-04,86011.20103171415
2024-09-05,86011.20103171415
2024-09-06,86011.20103171415
2024-09-09,86011.20103171415
2024-09-10,86011.20103171415
2024-09-11,86011.20103171415
2024-09-12,86011.20103171415
2024-09-13,86011.20103171415
2024-09-16,86011.20103171415
2024-09-17,86011.20103171415
2024-09-18,86011.20103171415
2024-09-19,86011.20103171415
2024-09-20,86011.20103171415
2024-09-23,86011.20103171415
2024-09-24,86011.20103171415
2024-09-25,86011.20103171415
2024-09-26,86011.20103171415
2024-09-27,86011.20103171415
2024-09-30,86011.20103171415
2024-10-01,86011.20103171415
2024-10-02,86011.20103171415
2024-10-03,86011.20103171415
2024-10-04,86011.20103171415
2024-10-07,86011.20103171415
2024-10-08,86011.20103171415
2024-10-09,86011.20103171415
2024-10-10,86011.20103171415
2024-10-11,86011.20103171415
2024-10-14,86011.20103171415
2024-10-15,86011.20103171415
2024-10-16,86011.20103171415
2024-10-17,86011.20103171415
2024-10-18,86011.20103171415
2024-10-21,86011.20103171415
2024-10-22,86011.20103171415
2024-10-23,86011.20103171415
2024-10-24,86011.20103171415
2024-10-25,86011.20103171415
2024-10-28,86011.20103171415
2024-10-29,86011.20103171415
2024-10-30,86011.20103171415
2024-10-31,86011.20103171415
2024-11-01,86011.20103171415
2024-11-04,86011.20103171415
2024-11-05,86011.20103171415
2024-11-06,86011.20103171415
2024-11-07,86011.20103171415
2024-11-08,86011.20103171415
2024-11-11,86011.20103171415
2024-11-12,86011.20103171415
2024-11-13,86011.20103171415
2024-11-14,86011.20103171415
2024-11-15,86011.20103171415
2024-11-18,86011.20103171415
2024-11-19,86011.20103171415
2024-11-20,86011.20103171415
2024-11-21,86011.20103171415
2024-11-22,86011.20103171415
2024-11-25,86011.20103171415
2024-11-26,86011.20103171415
2024-11-27,86011.20103171415
2024-11-29,86011.20103171415
2024-12-02,86011.20103171415
2024-12-03,86011.20103171415
2024-12-04,86011.20103171415
2024-12-05,86011.20103171415
2024-12-06,86011.20103171415
2024-12-09,86011.20103171415
2024-12-10,86011.20103171415
2024-12-11,86011.20103171415
2024-12-12,86011.20103171415
2024-12-13,86011.20103171415
2024-12-16,86011.20103171415
2024-12-17,86011.20103171415
2024-12-18,86011.20103171415
2024-12-19,86011.20103171415
2024-12-20,86011.20103171415
2024-12-23,86011.20103171415
2024-12-24,86011.20103171415
2024-12-26,86011.20103171415
2024-12-27,86011.20103171415
2024-12-30,86011.20103171415
2024-12-31,86011.20103171415
2025-01-02,86011.20103171415
2025-01-03,86011.20103171415
2025-01-06,86011.20103171415
2025-01-07,86011.20103171415
2025-01-08,86011.20103171415
2025-01-10,86011.20103171415
2025-01-13,86011.20103171415
2025-01-14,86011.20103171415
2025-01-15,86011.20103171415
2025-01-16,86011.20103171415
2025-01-17,86011.20103171415
2025-01-21,86011.20103171415
2025-01-22,86011.20103171415
2025-01-23,86011.20103171415
2025-01-24,86011.20103171415
2025-01-27,86011.20103171415
2025-01-28,86011.20103171415
2025-01-29,85835.26667371416
2025-01-30,85819.60667371415
2025-01-31,85960.54667371415
2025-02-03,85856.14667371416
2025-02-04,84634.24530766686
2025-02-05,84634.24530766686
2025-02-06,84634.24530766686
2025-02-07,84634.24530766686
2025-02-10,84634.24530766686
2025-02-11,84634.24530766686
2025-02-12,84344.49070182187
2025-02-13,84366.40070182187
2025-02-14,84187.99070182187
2025-02-18,84544.81070182186
2025-02-19,84698.18070182187
2025-02-20,84725.59379637186
2025-02-21,83318.15379637186
2025-02-24,83680.23379637186
2025-02-25,83346.84381235686
2025-02-26,83346.84381235686
2025-02-27,83346.84381235686
2025-02-28,83346.84381235686
2025-03-03,83346.84381235686
2025-03-04,83346.84381235686
2025-03-05,83346.84381235686
2025-03-06,83346.84381235686
2025-03-07,83346.84381235686
2025-03-10,83346.84381235686
2025-03-11,83346.84381235686
2025-03-12,83346.84381235686
2025-03-13,83346.84381235686
2025-03-14,83346.84381235686
2025-03-17,83346.84381235686
2025-03-18,83346.84381235686
2025-03-19,83346.84381235686
2025-03-20,83346.84381235686
2025-03-21,83346.84381235686
2025-03-24,83346.84381235686
2025-03-25,83346.84381235686
2025-03-26,83346.84381235686
2025-03-27,83346.84381235686
2025-03-28,83346.84381235686
2025-03-31,83346.84381235686
2025-04-01,83346.84381235686
2025-04-02,83346.84381235686
2025-04-03,83346.84381235686
2025-04-04,83346.84381235686
2025-04-07,83346.84381235686
2025-04-08,83346.84381235686
2025-04-09,83346.84381235686
2025-04-10,83346.84381235686
2025-04-11,83346.84381235686
2025-04-14,83346.84381235686
2025-04-15,83346.84381235686
2025-04-16,83346.84381235686
2025-04-17,83346.84381235686
2025-04-21,83346.84381235686
2025-04-22,83346.84381235686
2025-04-23,83346.84381235686
2025-04-24,83346.84381235686
2025-04-25,83346.84381235686
2025-04-28,83346.84381235686
2025-04-29,83346.84381235686
2025-04-30,83346.84381235686
2025-05-01,83346.84381235686
2025-05-02,83346.84381235686
2025-05-05,83346.84381235686
2025-05-06,83346.84381235686
2025-05-07,83346.84381235686
2025-05-08,83346.84381235686
2025-05-09,83346.84381235686
2025-05-12,83346.84381235686
2025-05-13,83346.84381235686
2025-05-14,83346.84381235686
2025-05-15,83346.84381235686
2025-05-16,83346.84381235686
2025-05-19,83346.84381235686
2025-05-20,83346.84381235686
2025-05-21,83346.84381235686
2025-05-22,83346.84381235686
2025-05-23,83346.84381235686
2025-05-27,83346.84381235686
2025-05-28,83346.84381235686
2025-05-29,83346.84381235686
2025-05-30,83346.84381235686
2025-06-02,83346.84381235686
2025-06-03,83346.84381235686
2025-06-04,83346.84381235686
2025-06-05,83346.84381235686
2025-06-06,83346.84381235686
2025-06-09,83346.84381235686
2025-06-10,83346.84381235686
2025-06-11,83346.84381235686
2025-06-12,83346.84381235686
2025-06-13,83346.84381235686
2025-06-16,83346.84381235686
2025-06-17,83346.84381235686
2025-06-18,83346.84381235686
2025-06-20,83346.84381235686
2025-06-23,83346.84381235686
2025-06-24,83346.84381235686
2025-06-25,83346.84381235686
2025-06-26,83346.84381235686
2025-06-27,83346.84381235686
2025-06-30,83346.84381235686
2025-07-01,83346.84381235686
2025-07-02,83346.84381235686
2025-07-03,83283.08595364186
2025-07-07,83512.70595364187
2025-07-08,83598.14595364186
2025-07-09,83592.80595364186
2025-07-10,83318.68595364186
2025-07-11,83656.88595364186
2025-07-14,83359.62595364187
2025-07-15,83295.54595364186
2025-07-16,83283.08595364186
2025-07-17,83455.74595364186
2025-07-18,83175.93799368186
2025-07-21,83044.01799368186
2025-07-22,82950.89799368187
2025-07-23,82923.73799368186
2025-07-24,83238.01799368186
2025-07-25,82306.15939164186
2025-07-28,83967.27939164186
2025-07-29,85850.35939164186
2025-07-30,86738.19939164187
2025-07-31,85699.99939164186
2025-08-01,84174.91939164186
2025-08-04,82726.00143603487
2025-08-05,82726.00143603487
2025-08-06,82726.00143603487
2025-08-07,82726.00143603487
2025-08-08,82726.00143603487
2025-08-11,82726.00143603487
2025-08-12,82726.00143603487
2025-08-13,82726.00143603487
2025-08-14,82726.00143603487
2025-08-15,82726.00143603487
2025-08-18,82726.00143603487
2025-08-19,82726.00143603487
2025-08-20,82726.00143603487
2025-08-21,82726.00143603487
2025-08-22,82726.00143603487
2025-08-25,82834.21836804487
2025-08-26,82422.81836804487
2025-08-27,82575.27836804488
2025-08-28,82802.54985072487
2025-08-29,82528.94985072486
2025-09-02,83842.22985072486
2025-09-03,82522.10985072487
2025-09-04,82077.50985072488
2025-09-05,81144.18054141488
2025-09-08,81144.18054141488
2025-09-09,81144.18054141488
2025-09-10,81144.18054141488
2025-09-11,81144.18054141488
2025-09-12,81144.18054141488
2025-09-15,81144.18054141488
2025-09-16,81144.18054141488
2025-09-17,81144.18054141488
2025-09-18,81144.18054141488
2025-09-19,81144.18054141488
2025-09-22,81144.18054141488
2025-09-23,81144.18054141488
2025-09-24,81144.18054141488
2025-09-25,81144.18054141488
2025-09-26,81144.18054141488
2025-09-29,81144.18054141488
2025-09-30,81144.18054141488
2025-10-01,81144.18054141488
2025-10-02,81144.18054141488
2025-10-03,81144.18054141488
2025-10-06,81144.18054141488
2025-10-07,81144.18054141488
2025-10-08,81144.18054141488
2025-10-09,81144.18054141488
2025-10-10,81144.18054141488
2025-10-13,81144.18054141488
2025-10-14,81144.18054141488
2025-10-15,81144.18054141488
2025-10-16,81144.18054141488
2025-10-17,81144.18054141488
2025-10-20,81144.18054141488
2025-10-21,81144.18054141488
2025-10-22,81144.18054141488
2025-10-23,81144.18054141488
2025-10-24,81144.18054141488
2025-10-27,81144.18054141488
2025-10-28,81144.18054141488
2025-10-29,81144.18054141488
2025-10-30,81144.18054141488
2025-10-31,81144.18054141488
2025-11-03,81144.18054141488
2025-11-04,81144.18054141488
2025-11-05,81144.18054141488
2025-11-06,81144.18054141488
2025-11-07,81144.18054141488
2025-11-10,81144.18054141488
2025-11-11,81144.18054141488
2025-11-12,81144.18054141488
2025-11-13,81144.18054141488
2025-11-14,81144.18054141488
2025-11-17,81144.18054141488
2025-11-18,81144.18054141488
2025-11-19,81144.18054141488
2025-11-20,81144.18054141488
2025-11-21,81144.18054141488
2025-11-24,81144.18054141488
2025-11-25,81144.18054141488
2025-11-26,81144.18054141488
2025-11-28,81144.18054141488
2025-12-01,81144.18054141488
2025-12-02,81144.18054141488
2025-12-03,81144.18054141488
2025-12-04,81144.18054141488
2025-12-05,81144.18054141488
2025-12-08,81144.18054141488
2025-12-09,81144.18054141488
2025-12-10,81144.18054141488
2025-12-11,81144.18054141488
2025-12-12,81144.18054141488
2025-12-15,81144.18054141488
2025-12-16,81144.18054141488
2025-12-17,81144.18054141488
2025-12-18,81144.18054141488
2025-12-19,81144.18054141488
2025-12-22,81144.18054141488
2025-12-23,81144.18054141488
2025-12-24,81144.18054141488
2025-12-26,81144.18054141488
2025-12-29,81144.18054141488
2025-12-30,81144.18054141488
2025-12-31,81144.18054141488
2026-01-02,81144.18054141488
2026-01-05,81144.18054141488
2026-01-06,81144.18054141488
2026-01-07,81144.18054141488
2026-01-08,81144.18054141488
2026-01-09,81144.18054141488
2026-01-12,81144.18054141488
2026-01-13,81144.18054141488
2026-01-14,81144.18054141488
2026-01-15,81144.18054141488
2026-01-16,81144.18054141488
2026-01-20,81144.18054141488
2026-01-21,81144.18054141488
2026-01-22,81144.18054141488
2026-01-23,81144.18054141488
2026-01-26,81144.18054141488
2026-01-27,81144.18054141488
2026-01-28,81144.18054141488
2026-01-29,81144.18054141488
2026-01-30,81144.18054141488
2026-02-02,81144.18054141488
2026-02-03,81144.18054141488
2026-02-04,81144.18054141488
2026-02-05,81144.18054141488
2026-02-06,81144.18054141488
2026-02-09,81144.18054141488
2026-02-10,81144.18054141488
2026-02-11,81144.18054141488
2026-02-12,81144.18054141488
2026-02-13,81144.18054141488
2026-02-17,81144.18054141488
2026-02-18,81144.18054141488
2026-02-19,81224.73756629237
2026-02-20,81181.55756629238
2026-02-23,81187.90756629239
2026-02-24,81170.12756629237
2026-02-25,81039.31756629237
2026-02-26,81044.39756629238
2026-02-27,81321.25756629238
2026-03-02,81986.73756629237
2026-03-03,82369.00756629238
2026-03-04,82541.72756629238
2026-03-05,83144.97756629238
2026-03-06,84727.39756629238
2026-03-09,84163.51756629237
2026-03-10,84357.82756629238
2026-03-11,84635.95756629237
2026-03-12,85949.13756629238
2026-03-13,86139.63756629238
